PT_num,part_type
0,4WD Front Axle Actuators
1,A/C & Heater Actuators
2,A/C Brackets
3,A/C Compressor Clutches
4,A/C Compressors
5,A/C Condensers
6,A/C Driers and Accumulators
7,A/C Eliminator Brackets
8,A/C Evaporator Cores
9,A/C Harness
10,A/C Hoses and Lines
11,A/C Replacement O-Rings and Seals
12,A/C System Expansion Valves
13,ABS Control Modules
14,ABS Pumps Covers
15,ABS Reluctor Rings
16,ABS Sensor Plugs
17,ABS Speed Sensors
18,ABS Wheel Speed Sensor Harnesses
19,AC Power Supply
20,AIR Check Valves
21,AIR Pumps
22,AN Hoses
23,AN Tube Nuts
24,AN Wrenches
25,AN to Hose Barb Fittings
26,AN to Inverted Flare Fittings
27,AN to Metric Adapter Fittings
28,AN to NPT Fittings
29,AN to Straight Cut O-Ring Fittings
30,AN to Tube Adapter Fittings
31,Accelerator Pedal Position Sensors
32,Accessory Belt Tensioner Dress-Up Covers
33,Accessory Belt Tensioner Mounting Brackets
34,Accessory Belt Tensioners
35,Accessory Belts
36,Accessory Drive Kits
37,Accessory Drive Pulleys
38,Adhesives & Sealants
39,Air Bag Components
40,Air Bag Helper Spring Spacers
41,Air Chucks
42,Air Cleaner Assembly Retaining Clips
43,Air Cleaner Bottoms
44,Air Cleaner Gaskets
45,Air Cleaner Replacement Components
46,Air Cleaner Studs
47,Air Cleaner Tops
48,Air Cleaners
49,Air Compressor - On-Board Installation Kits
50,Air Compressor Components
51,Air Compressor Hoses
52,Air Compressor Line Filters
53,Air Compressor Oil
54,Air Compressor Replacement Filters
55,Air Compressor Safety Valves
56,Air Compressors
57,Air Compressors - Suspension
58,Air Dams
59,Air Deflectors
60,Air Diffusers - Rear
61,Air Filter Assembly Adapters
62,Air Filter Assembly Shrouds
63,Air Filter Assembly Spacers
64,Air Filter Assembly Vents
65,Air Filter Assembly Wingnuts & Fasteners
66,Air Filter Cleaners & Oil
67,Air Filter Element Heat Shields
68,Air Filter Elements
69,Air Filter Elements;Cabin Air Filter Elements
70,Air Filter Service Indicators
71,Air Filter Wraps & Prefilters
72,Air Flow Enhancers
73,Air Inlet Adapters
74,Air Inlet Elbows
75,Air Intake Air Box Covers
76,Air Intake Bypass Valves
77,Air Intake Heaters
78,Air Intake Kit Components
79,Air Intake Kit Mock-Up Inserts
80,Air Intake Kits
81,Air Intake Mounting Brackets
82,Air Intake Sensor Fittings
83,Air Intake Snorkel Components
84,Air Intake Snorkels
85,Air Intake Tube Adapters
86,Air Intake Tubes
87,Air Intake Velocity Funnels
88,Air Locker Components
89,Air Lockers
90,Air Spring Helper Kit Replacement Parts
91,Air Spring Helper Kits
92,Air Suspension Air Valves
93,Air Suspension Controller Replacement Parts
94,Air Suspension Controllers
95,Air Tank Components
96,Air Tanks
97,Air Temperature Sensors
98,Alarms
99,Alternator & Generator Replacement Parts
100,Alternator & Vacuum Pump Bracket Kits
101,Alternator Bracket Bolts
102,Alternator Brackets
103,Alternator Fans
104,Alternator Plug Adapter Kits
105,Alternator Pulleys
106,Alternator Spacers
107,Alternator Wiring Components
108,Alternator Wiring Kits
109,Alternators & Generators
110,Antenna Components
111,Antennas
112,Aprons
113,Arm Restraints
114,Armrest Covers
115,Armrests
116,Ashtrays
117,Assembly Lubricant
118,Automated Running Board Components
119,Automated Running Board Extenders
120,Automated Running Boards
121,Automatic Shifter Dress-Up Kits
122,Automatic Transmission Accumulator Bodies
123,Automatic Transmission Accumulator Pistons
124,Automatic Transmission Bearings & Races
125,Automatic Transmission Brackets & Levers
126,Automatic Transmission Controllers
127,Automatic Transmission Conversion Kits
128,Automatic Transmission Cooler Lines
129,Automatic Transmission Down Shift Kits
130,Automatic Transmission Filter Extensions
131,Automatic Transmission Filters - Direct Fit
132,Automatic Transmission Filters - Remote Mount
133,Automatic Transmission Gaskets
134,Automatic Transmission Gate Plates
135,Automatic Transmission Governor Recalibration Kits
136,Automatic Transmission Input Shafts
137,Automatic Transmission Intermediate Shafts
138,Automatic Transmission Kickdown Cables
139,Automatic Transmission Kickdown Replacement Parts
140,Automatic Transmission Line Connectors
141,Automatic Transmission Modulators
142,Automatic Transmission Output Shafts
143,Automatic Transmission Pan Fasteners
144,Automatic Transmission Pans
145,Automatic Transmission Planetary Bearings
146,Automatic Transmission Rebuild Kits
147,Automatic Transmission Servo Kits
148,Automatic Transmission Shift Kits
149,Automatic Transmission Shift Kits - Electronic
150,Automatic Transmission Sprags
151,Automatic Transmission Trans-Brake Solenoids
152,Automatic Transmission Valve Bodies
153,Automatic Transmissions
154,Automotive Speakers
155,Auxiliary Light Covers
156,Auxiliary Light Covers;Fog Light Covers
157,Auxiliary Light Mount Brackets
158,Auxiliary Light Replacement Components
159,Auxiliary Light Replacement Lenses
160,Auxiliary Light Switch Kits
161,Auxiliary Light Trim Covers
162,Auxiliary Light Wiring Harnesses
163,Auxiliary Lights
164,Auxiliary Lights;LED Individual Lights
165,Axe & Shovel Brackets
166,Axes
167,Axle Assemblies
168,Axle Bearing Lock Rings
169,Axle Bearing Races
170,Axle Bearing Spacers
171,Axle Bearings
172,Axle Bracket Kits
173,Axle C-Clips
174,Axle Clamps
175,Axle Drive Flange Components
176,Axle Drive Flanges
177,Axle Housing Braces
178,Axle Keys
179,Axle Less Trailer Suspensions
180,Axle Pivot Bushings
181,Axle Retainer Plates
182,Axle Seals
183,Axle Shafts - Direct Fit
184,Axle Sheaths
185,Axle Shims
186,Backup Alert Systems
187,Balance Shaft Chains
188,Ball Joint Dust Boots
189,Ball Joint Service Tools
190,Ball Joints
191,Ball Mount Tongue Holding Sleeves
192,Ballast Resistors
193,Battery Cables
194,Battery Charger Accessory
195,Battery Charger Cable Clamps
196,Battery Charger Cables
197,Battery Charger Storage Bags
198,Battery Chargers
199,Battery Control Systems
200,Battery Disconnect Switch Replacement Keys
201,Battery Disconnect Switches
202,Battery Hold-Downs
203,Battery Isolators
204,Battery Quick Connect Plugs
205,Battery Relocation Kits
206,Battery Terminal Boots
207,Battery Terminal Caps
208,Battery Terminal Components
209,Battery Terminals
210,Battery Testers
211,Battery Trays
212,Beadlock Components
213,Bed & Ladder Rack Accessories
214,Bed & Ladder Rack Adapters
215,Bed & Ladder Racks
216,Bed Mats
217,Bed Rail Caps
218,Bed Rails
219,Bed Slide Components
220,Bed Slide Lift Blocks
221,Bed Slide Rails
222,Bed Storage Units
223,Bell Crank Repair Components
224,Bell Cranks & Kits
225,Bellhousing Adapters
226,Bellhousing Bolts
227,Bellhousing Dowel Pins
228,Bellhousing Studs
229,Bellhousings
230,Beverage Coasters
231,Beverage Cups & Bottles
232,Bike Accessories
233,Bike Bags
234,Bike Rack Accessories
235,Bike Racks - Hitch Mount
236,Bike Racks - Roof Mount
237,Bike Racks - Spare Tire Mount
238,Bike Racks - Stands
239,Bike Racks - Truck Bed Mount
240,Bike Racks - Trunk Mount
241,Bike Racks - Wall Mount
242,Blend Door Repair Kits
243,Blow-Off Valve Components
244,Blow-Off Valve Diaphragms
245,Blow-Off Valves
246,Blower Motor Resistors
247,Blower Motors
248,Body Bushings
249,Body Component Bump Stops
250,Body Fasteners
251,Body Lift Kit Components
252,Body Lift Kits
253,Body Lift Kits;Suspension Lift Kits
254,Body Moldings
255,Body Mount Hardware
256,Body Protectors
257,Body Supports and Components
258,Bolt & Nut Size Gauges
259,Bolt Dress-Up Caps
260,Bolts
261,Boost Controller Components
262,Boost Controllers
263,Brake Backing Plate Grommets
264,Brake Bleeder Screw Caps
265,Brake Bleeders
266,Brake Booster Check Valve
267,Brake Booster Components and Hardware
268,Brake Booster Covers
269,Brake Boosters
270,Brake Caliper Bolts and Pins
271,Brake Caliper Covers
272,Brake Caliper Mounting Brackets
273,Brake Caliper Rebuild Kits
274,Brake Caliper Replacement Components
275,Brake Calipers
276,Brake Cooling Ducts
277,Brake Drums
278,Brake Dust Shields
279,Brake Fittings
280,Brake Fluid
281,Brake Hardware Components
282,Brake Hardware Kits
283,Brake Hose Mounting Tabs
284,Brake Hoses - Individual
285,Brake Hoses - Sets
286,Brake Hub Dust Caps
287,Brake Kits
288,Brake Line Retaining Clips
289,Brake Lines - Individual
290,Brake Lines - Sets
291,Brake Pad Wear Sensors
292,Brake Pads
293,Brake Proportioning Valves
294,Brake Rotor Bolts
295,Brake Rotors
296,Brake Shoe Linings
297,Brake Shoes
298,Breakaway Batteries
299,Breakaway Battery Boxes
300,Breakaway Battery Chargers
301,Breather Stands
302,Buffing & Polishing Pads
303,Bug Guards
304,Bulkhead Fittings
305,Bulkhead Nuts
306,Bulkhead Protectors
307,Bump Steer Kits & Components
308,Bump Stop Brackets
309,Bump Stop Extensions
310,Bump Stops
311,Bumper Accessories
312,Bumper Bracket Hardware
313,Bumper Brackets
314,Bumper Covers
315,Bumper End Caps
316,Bumper End Plates
317,Bumper Fasteners
318,Bumper Guard Components
319,Bumper Guards
320,Bumper Light Assemblies
321,Bumper Protectors
322,Bumper Replacement Parts
323,Bumper Trim
324,Bumpers - Front
325,Bumpers - Rear
326,Bungee Cords
327,Bushing Installation & Removal Tools
328,Bushing Kits
329,Bushing Sleeves
330,Button-Down Shirts
331,C-Bushings
332,CB Antenna Mounts
333,CB Radio Mounting Brackets
334,CO2 Bottle Brackets
335,CO2 Bottle Valves
336,CO2 Bottles
337,CO2 Intercooler Sprayers
338,CV Boots
339,CV Joints
340,Cab Lights
341,Cab Visors
342,Cabin Air Filter Elements
343,Cable Ends
344,Calculators
345,Cam Bearings
346,Cam Gears - Adjustable
347,Cam Gears - Adjustable Replacement Components
348,Cam Seals
349,Camping Chairs
350,Camshaft & Lifter Kits
351,Camshaft Bolts
352,Camshaft Degree Bushings
353,Camshaft Drive Seal Plates
354,Camshaft Drives
355,Camshaft Locking Plates
356,Camshaft Phasers
357,Camshaft Position Sensor Interrupters
358,Camshaft Position Sensors
359,Camshaft Sync Pickup Kits
360,Camshaft Thrust Buttons
361,Camshaft Thrust Plates
362,Camshaft Tower Fasteners
363,Camshafts
364,Canoe Racks - Bed Rack Mounted
365,Canoe Racks - Receiver Mounted
366,Canoe Racks - Roof Mounted
367,Car & Truck Covers
368,Car & Truck Frame Covers
369,Car Batteries
370,Car Battery Boxes
371,Car Battery Chargers
372,Car Care & Detailing Kits
373,Car Cover Bag
374,Car Detailing Brushes
375,Car Seats
376,Carburetor Accelerator Pump Arms
377,Carburetor Accelerator Pump Cams
378,Carburetor Accelerator Pump Check Valves
379,Carburetor Accelerator Pump Conversion Kits
380,Carburetor Accelerator Pump Covers
381,Carburetor Accelerator Pump Diaphragms
382,Carburetor Accelerator Pump Springs
383,Carburetor Accelerator Pump Tuning Kits
384,Carburetor Accelerator Pumps
385,Carburetor Adapters
386,Carburetor Air Bleed Kits
387,Carburetor Air Bleeds
388,Carburetor Air Filter Mounting Bails
389,Carburetor Air Horn Gaskets
390,Carburetor Air Pan Kits
391,Carburetor Anti-Reversion Plates
392,Carburetor Balancing Instruments
393,Carburetor Balancing Tool Rebuild Kits
394,Carburetor Base Plate Gaskets
395,Carburetor Base Plates
396,Carburetor Boosters
397,Carburetor Calibration Kits
398,Carburetor Carrying Case
399,Carburetor Cruise Control Brackets
400,Carburetor Discharge Check Needles
401,Carburetor Discharge Nozzle Gaskets
402,Carburetor Discharge Nozzle Kits
403,Carburetor Discharge Nozzle Screws
404,Carburetor Discharge Nozzles
405,Carburetor Drain Cups
406,Carburetor Dust Covers
407,Carburetor Fasteners
408,Carburetor Feed Lines
409,Carburetor Float Hangers
410,Carburetor Float Springs
411,Carburetor Floats
412,Carburetor Fuel Bowl Gaskets
413,Carburetor Fuel Bowl Screw Gaskets
414,Carburetor Fuel Bowl Screws
415,Carburetor Fuel Bowl Sight Plugs
416,Carburetor Fuel Bowl Vent Screens
417,Carburetor Fuel Bowls
418,Carburetor Gasket Kits
419,Carburetor Hardware Kits
420,Carburetor Heat Shields
421,Carburetor Idle Mixture Screw Gaskets
422,Carburetor Idle Mixture Screws
423,Carburetor Inlet Fitting Gaskets
424,Carburetor Inlet Fittings
425,Carburetor Installation Kits
426,Carburetor Jet Extensions
427,Carburetor Jet Kits
428,Carburetor Jet Tools
429,Carburetor Jets
430,Carburetor Linkage Bushings
431,Carburetor Linkage Kits
432,Carburetor Main Bodies
433,Carburetor Metering Block Conversion Kits
434,Carburetor Metering Block Gaskets
435,Carburetor Metering Block Main Well Plugs
436,Carburetor Metering Blocks - Replacement
437,Carburetor Metering Plates
438,Carburetor Metering Rod Hangers
439,Carburetor Metering Rods
440,Carburetor Needle & Seat Gaskets
441,Carburetor Needle & Seat Hardware Kits
442,Carburetor Needle & Seats
443,Carburetor Power Valve Block-Off Plugs
444,Carburetor Power Valve Gaskets
445,Carburetor Power Valve Savers
446,Carburetor Power Valve Testers
447,Carburetor Power Valves
448,Carburetor Rebuild Kits
449,Carburetor Replacement Tops
450,Carburetor Scoop Conversion Kits
451,Carburetor Scoops
452,Carburetor Secondary Connecting Rods
453,Carburetor Solenoids & Brackets
454,Carburetor Spacers
455,Carburetor Step-Up Springs
456,Carburetor Stubstacks
457,Carburetor Throttle Body Gaskets
458,Carburetor Transfer Tube O-Rings
459,Carburetor Transfer Tubes
460,Carburetor Vacuum Secondary Covers
461,Carburetor Vacuum Secondary Diaphragms
462,Carburetor Vacuum Secondary Housing Gaskets
463,Carburetor Vacuum Secondary Springs
464,Carburetor Velocity Stacks
465,Carburetor Vent Tube Baffles
466,Carburetor Vent Tubes
467,Carburetor Wedge Plates
468,Carburetors
469,Cargo Holder Accessories
470,Cargo Holder Mounting Brackets
471,Cargo Holders - Bed
472,Cargo Holders - Interior
473,Cargo Holders - Roof
474,Cargo Liners
475,Cargo Liners;Floor Mats - Carpet;Tailgate Mats
476,Cargo Liners;Tailgate Mats
477,Cargo Nets
478,Cargo Tie-Down Anchors
479,Cargo Tie-Down Kits
480,Carpet & Vinyl Floor Kits
481,Catalytic Converter Delete Pipes
482,Catalytic Converter Pipes
483,Catalytic Converters
484,Center Links
485,Ceramic Coating
486,Chain Lube
487,Charging System Kits
488,Chassis Crossmembers
489,Chassis Stiffeners
490,Chassis Tabs - Brackets & Components
491,Check Valves - Air
492,Check Valves - Fluid
493,Child Seats
494,Child Stroller Accessories
495,Child Strollers
496,Choke Block-Off Plates
497,Choke Cable Brackets
498,Choke Cables
499,Choke Kit Components
500,Choke Kits
501,Cigarette Lighter Adapters
502,Cigarette Lighters
503,Circuit Breakers
504,Circuit Testers
505,Clamps - Multipurpose
506,Cleaning Accessories
507,Cleaning Solutions
508,Clevis Hooks
509,Clevises
510,Climate Control Panel Components
511,Climate Control Panels
512,Clinometers & Vehicle Levels
513,Clips
514,Clutch Alignment Tools
515,Clutch Cable Firewall Adjusters
516,Clutch Cable Quadrant Adjuster Kits
517,Clutch Cable Quadrants
518,Clutch Cables
519,Clutch Discs
520,Clutch Firewall Boots
521,Clutch Fork Boots
522,Clutch Fork Pivot Balls
523,Clutch Fork Return Springs
524,Clutch Forks
525,Clutch Kit Replacement Components
526,Clutch Kits
527,Clutch Linkage Bell Cranks
528,Clutch Linkage Brackets
529,Clutch Linkage Components
530,Clutch Linkage Rods
531,Clutch Linkage Service Kits
532,Clutch Master Cylinder & Slave Cylinder Kits
533,Clutch Master Cylinder Rebuild Kits
534,Clutch Master Cylinders
535,Clutch Slave Cylinder Components
536,Clutch Slave Cylinders
537,Coil Spring Isolators & Spacers
538,Coil Spring Retainers
539,Coil Spring Seats
540,Coil Spring Sleeves
541,Coil Spring Spacers
542,Coil Wire Retainers
543,Coil Wires
544,Coil-Over Components
545,Coil-Over Springs
546,Coil-Overs
547,Collector Fasteners
548,Collector Gaskets
549,Colored Lens Kits
550,Compression Fittings
551,Computer Chips and Modules
552,Computer Programmer Accessories
553,Computer Software
554,Computers
555,Connecting Rod Bolt Protectors
556,Connecting Rod Bolts
557,Connecting Rods
558,Connector & Terminal Grease
559,Console Components
560,Consoles
561,Control Arm Bushings & Bearings
562,Control Arm Components
563,Control Arm Hardware
564,Control Arm Mounts
565,Control Arm Reinforcement Braces
566,Control Arm Shafts
567,Control Arms
568,Convertible & T-top Components
569,Convoluted Tubing & Wire Looms
570,Convoluted Tubing Clamps
571,Coolant Additives
572,Coolant Crossover Components
573,Coolant Filters
574,Coolant Level Sensors
575,Coolant Temperature Sensors
576,Cooler Mounting Kits
577,Cooling System Air Bleed Valves
578,Corner Guards
579,Corner Light Assemblies
580,Corrosion Inhibitors
581,Cotter Pins
582,Coupler Fittings
583,Cowl Panels
584,Crank Trigger Kits
585,Crank Trigger Parts
586,Crank Trigger Replacement Pickups
587,Crank Trigger Replacement Wheels
588,Crankcase Breather Components
589,Crankcase Breather Elements
590,Crankcase Breathers
591,Crankcase Evacuation Replacement Components
592,Crankcase Evacuation Systems
593,Crankcase Housing Fasteners
594,Crankcase Ventilation Hose Connection Kit
595,Crankshaft Damper Spacers
596,Crankshaft Keys
597,Crankshaft Position Sensors
598,Crankshaft Pulley Shims
599,Crankshaft Pulleys
600,Crankshaft Reluctor Wheels
601,Crankshaft Scrapers
602,Crankshaft Sockets
603,Crankshafts
604,Crate Engines
605,Creeper Wheels
606,Crimp Collars
607,Crimping Tool Dies
608,Crossmember Bushings
609,Cruise Control Kits
610,Crush Washers
611,Cup Holder Bezels
612,Cup Holders
613,Cylinder Head Bushing Kits
614,Cylinder Head Combos
615,Cylinder Head Dowel Pins
616,Cylinder Head Fasteners
617,Cylinder Heads
618,Cylinder Sleeves
619,D-Ring Bushings
620,D-Ring Tie-Downs
621,Dash Indicator Light Bezels
622,Dash Inserts
623,Dash Knobs
624,Dash Pads
625,Dash Panels
626,Data Acquisition
627,Data Acquisition Components
628,Data Acquisition Replacement Components
629,Data Acquistion Wiring Harnesses
630,Daytime Running Lights
631,Decals & Stickers
632,Deck Plug Kits
633,Degree Wheels
634,Dial Indicators
635,Diesel Banjo Bolt Upgrade Kits
636,Diesel Cool Down Timer LED Alarm Kits
637,Diesel Cool Down Timers
638,Diesel Engine Air Shutdown Valves
639,Diesel Engine Exhaust Brake Replacement Components
640,Diesel Engine Exhaust Brake Switch Kits
641,Diesel Engine Exhaust Brakes
642,Diesel Fuel Heater Components
643,Diesel Fuel Heaters
644,Diesel Fuel Injector Nozzles
645,Diesel Fuel Pump Driver Coolers
646,Diesel Fuel Pump Shut Down Solenoids
647,Diesel Governor Controllers
648,Diesel Governor Springs
649,Diesel Particulate Filters
650,Differential Bearing Adjuster Fasteners
651,Differential Carrier Bearing Races
652,Differential Carrier Bearings
653,Differential Carrier Clutches
654,Differential Carrier Rebuild Kits
655,Differential Carrier Replacement Parts
656,Differential Carriers
657,Differential Cover Adapter Brackets
658,Differential Cover Fasteners
659,Differential Cover Gaskets
660,Differential Cover Plugs
661,Differential Cover Protectors
662,Differential Covers
663,Differential Cross Shaft Fasteners
664,Differential Cross Shafts
665,Differential Crush Sleeves
666,Differential Housing Mount Bushings
667,Differential Housing Spreader Tools
668,Differential Main Cap Fasteners
669,Differential Pinion Bearing Spacers and Sleeves
670,Differential Pinion Mount Bushings
671,Differential Pinion Nut Washers
672,Differential Pinion Nuts
673,Differential Shims
674,Differential Vents
675,Diode Assemblies
676,Dipstick Handles
677,Disc Brake Backing Plates
678,Disconnect Axle Replacement Components
679,Distributor Adapter Rings
680,Distributor Advance Kits
681,Distributor Cap & Rotor Kits
682,Distributor Caps
683,Distributor Condensers
684,Distributor Gears
685,Distributor Hold-Down Clamps
686,Distributor Hole Plugs
687,Distributor Ignition Pickups
688,Distributor Points
689,Distributor Points & Condenser Kits
690,Distributor Replacement Parts
691,Distributor Rotor Replacement Components
692,Distributor Rotors
693,Distributor Stud Kits & Fasteners
694,Distributor Vacuum Advance Covers
695,Distributor Wiring Harnesses
696,Distributors
697,Dock Cleat
698,Door Channels
699,Door Handle Components
700,Door Handle Trim
701,Door Handles - Exterior
702,Door Handles - Interior
703,Door Hinge Covers
704,Door Hinge Fasteners
705,Door Hinge Locks
706,Door Hinge Repair Components
707,Door Hinges
708,Door Jamb Strikers
709,Door Jamb Switches
710,Door Latch Assemblies
711,Door Latch Cables
712,Door Latch Components
713,Door Limiting Straps
714,Door Lock Assemblies
715,Door Lock Components
716,Door Lock Knobs
717,Door Panel Assist Cover Reinforcement Plates
718,Door Panel Trim
719,Door Panels
720,Door Patch Panels
721,Door Pin Inserts
722,Door Shields
723,Door Sill Protectors
724,Door Skins
725,Door Storage Units
726,Door Surrounds
727,Doors
728,Drag Link Components
729,Drag Links
730,Drag Links - Kits
731,Drain Plug Kits
732,Drill Bits
733,Driveshaft & CV Axle Spacers
734,Driveshaft Boots
735,Driveshaft Carrier Bearing Drop Kits
736,Driveshaft Components
737,Driveshaft Safety Loops
738,Driveshaft Support Carrier Bearings
739,Driveshafts
740,Driving Gloves
741,Driving Light Covers
742,Driving Pants
743,Driving Shoes & Boots
744,Driving Suits
745,Drones - Accessories
746,Drones - Heli & Quad
747,Drum Brake Backing Plates
748,Drum Brake Kits
749,Durometers
750,EGR Adapters
751,EGR Block-Off Plates
752,EGR Cooler Gasket Kits
753,EGR Coolers
754,EGR Gaskets
755,EGR Plates
756,EGR Spacers
757,EGR Transducers
758,EGR Tubes
759,EGR Vacuum Solenoids
760,EGR Valves
761,Ecometers
762,Elbow Guards
763,Electric Fan Mounting Brackets
764,Electric Fan Mounting Hardware
765,Electric Fan Replacement Fan Blades
766,Electric Fan Replacement Motors
767,Electric Fan Replacement Wiring Kits
768,Electrical Firewall Bulkhead Connectors
769,Electrical Fuse Holders
770,Electrical Fuses
771,Electrical Junction Blocks
772,Electrical Stretch Cords
773,Electrical Switch Covers
774,Electrical Switch Kits
775,Electrical Switch Panel Replacement Components
776,Electrical Switch Panels
777,Electrical Switches
778,Electrical System Surge Protectors
779,Electrical Wire
780,Electronic Damping Cancellation Kits
781,Electronic Distributor Conversion Kits
782,Elite Series Replacement Allen Inserts
783,Emblems & Lettering
784,Emblems - Grille
785,Emission Fittings
786,Engine Accessory Bolt Kits
787,Engine Accessory Bracket Kits
788,Engine Bags
789,Engine Balance Shaft Gears
790,Engine Balance Shaft Seals
791,Engine Block Expansion Plugs
792,Engine Brushes
793,Engine Compartment Toolboxes
794,Engine Coolant Air Bleeder Kits
795,Engine Covers
796,Engine Crossmembers
797,Engine Dress-Up Kits
798,Engine Fasteners
799,Engine Gasket Sets
800,Engine Hardware Finishing Kits
801,Engine Lift Plates
802,Engine Magnet Kits
803,Engine Management System Components
804,Engine Management Systems
805,Engine Oil Accumulator Mounting Brackets
806,Engine Oil Accumulator Replacement Parts
807,Engine Oil Accumulator Solenoid Valves
808,Engine Oil Accumulators
809,Engine Oil Additives
810,Engine Oil Dipstick Tubes
811,Engine Oil Dipsticks
812,Engine Position Modules
813,Engine Rebuild Kits
814,Engine Service Kits
815,Engine Side Plate Covers
816,Engine Stand Bolt Kits
817,Engine Stands
818,Engine Swap Kits
819,Engine Tilters
820,Engine To Bellhousing Separator Plates
821,Engine Valley Cover Fasteners
822,Engine Valley Covers
823,Engines - Bare Blocks
824,Epoxy
825,Exhaust Ball Flange Kits
826,Exhaust Clamps
827,Exhaust Crossover Pipes
828,Exhaust Crossover Plugs
829,Exhaust Cutouts
830,Exhaust Flange Gaskets
831,Exhaust Flanges
832,Exhaust Flex Pipes
833,Exhaust Hangers
834,Exhaust Header & Manifold Gaskets
835,Exhaust Inserts
836,Exhaust Manifold Hardware
837,Exhaust Manifolds
838,Exhaust Pipe Adapters & Reducers
839,Exhaust Pipe Connectors
840,Exhaust Pipe Heat Shields
841,Exhaust Pipe Rain Caps
842,Exhaust Pipes - Individual Bends
843,Exhaust Pipes - Intermediate Pipes
844,Exhaust Pipes - Muffler Eliminator Pipes
845,Exhaust Pipes - Over Axle Pipes
846,Exhaust Pipes - Stack Pipe Plumbing Kits
847,Exhaust Pipes - Stack Pipes
848,Exhaust Pipes - Straight
849,Exhaust Pipes - Tailpipes
850,Exhaust Pipes - Turbo Downpipe Adapters
851,Exhaust Pipes - Turbo Downpipes
852,Exhaust Pipes - Turbo Outlets
853,Exhaust Pipes - Turbo Up Pipes
854,Exhaust Pipes - Y-Pipes
855,Exhaust Side Pipes
856,Exhaust System Hardware Packs
857,Exhaust Systems
858,Exhaust Tailpipe Expander Tools
859,Exhaust Temperature Indicator Replacement Parts
860,Exhaust Temperature Probe Fittings
861,Exhaust Temperature Sensors
862,Exhaust Tip Adapters
863,Exhaust Tips
864,Exhaust Turndowns & Spouts
865,Exhaust Wrap
866,Exhaust Wrap Fasteners
867,Extension Harnesses
868,Exterior Air Inlet Grille Covers
869,Exterior Trim Accents
870,Exterior Trim Kits
871,Exterior Vent Covers
872,Fan Adapter Spacers
873,Fan Clutches
874,Fan Shrouds
875,Fan Switch Replacement Components
876,Fan Switches - Thermal
877,Fans - Electric
878,Fans - Mechanical
879,Fastener Hardware Assortments
880,Fastener Pull Wires
881,Fender Braces
882,Fender Covers
883,Fender Flare Components
884,Fender Flare Trim
885,Fender Flares
886,Fender Guards
887,Fender Reinforcing Bars
888,Fender Splash Shields
889,Fenders
890,Fifth Wheel & Hitch Ball Lubricants
891,Fifth Wheel Hitch Pin Boxes
892,Fifth Wheel Hitch Replacement Components
893,Fifth Wheel Hitch Safety Chain Loops
894,Fifth Wheel Hitches
895,Fifth Wheel Mounting Kits
896,Fire Extinguisher Bottle Brackets
897,Fire Extinguishers
898,Fire Retardant Undershirts
899,First Aid Kits
900,Flags
901,Flame Arrestor Vent Tubes
902,Flame Arrestors
903,Flasher Units
904,Flashlight Components
905,Flashlights
906,Flex Fuel Sensors
907,Flexplate Fasteners
908,Flexplates
909,Floor Mats - All-Weather
910,Floor Mats - All-Weather;Floor Mats - Rubber
911,Floor Mats - Carpet
912,Floor Mats - Carpet;Floor Mats - Logo
913,Floor Mats - Logo
914,Floor Mats - Shop & Garage
915,Floor Panel Braces
916,Floor Panel Plugs
917,Floor Panels
918,Flooring
919,Fluid Analysis Kit
920,Fluid Cap Covers
921,Fluid Cooler Cores
922,Fluid Cooler Replacement Filter Elements
923,Fluid Coolers - Engine
924,Fluid Coolers - Engine or Transmission
925,Fluid Coolers - Power Steering
926,Fluid Coolers - Transmission
927,Fluid Coolers with Fan - Transmission
928,Fluid Transfer Pump Meters
929,Fluid Transfer Pumps - Electric
930,Fluid Transfer Pumps - Manual
931,Flywheel & Flexplate Dust Covers
932,Flywheel & Flexplate Ring Gears
933,Flywheel Counterweights
934,Flywheel Fasteners
935,Flywheels
936,Fog Light Covers
937,Fog Light Guards
938,Fog Lights
939,Fog Lights;Off-Road Lights
940,Foot Rest Components
941,Frame Bump Stops
942,Frame Rails
943,Frame Reinforcement Plates
944,Friction Modifiers
945,Front Axle Engagement System Replacement Parts
946,Front Axle Engagement Systems - Manual
947,Front Chassis Braces
948,Front Fascia Panels
949,Front Spoilers - Splitters & Valances
950,Fuel Air Separators
951,Fuel Can Holders
952,Fuel Cell Pickups
953,Fuel Coolers
954,Fuel Distribution Blocks
955,Fuel Door Components
956,Fuel Doors
957,Fuel Filler Accents
958,Fuel Filter Elements - Replacement
959,Fuel Filter Mounting Brackets
960,Fuel Filter Replacement Parts
961,Fuel Filters
962,Fuel Injection Closed Loop Kits
963,Fuel Injection Feed Lines
964,Fuel Injection System Components
965,Fuel Injection System Dual Tank Fuel Pump Kit
966,Fuel Injection System Wiring Harnesses
967,Fuel Injection Systems
968,Fuel Injector Adapter Harnesses
969,Fuel Injector Driver Modules
970,Fuel Injector Installation Kits
971,Fuel Injector Mounts & Bungs
972,Fuel Injector O-Rings
973,Fuel Injector Retaining Clips
974,Fuel Injectors
975,Fuel Line Adapter Fittings
976,Fuel Line Connectors
977,Fuel Line Extenders & Extension Fittings
978,Fuel Line Repair Parts
979,Fuel Line Retaining Clips
980,Fuel Lines
981,Fuel Pressure Gauges
982,Fuel Pressure Isolators
983,Fuel Pressure Regulator Fittings
984,Fuel Pressure Regulator Mounts
985,Fuel Pressure Regulator Rebuild Components
986,Fuel Pressure Regulator Rebuild Kits
987,Fuel Pressure Regulators
988,Fuel Pressure Safety Switches
989,Fuel Pressure Sensors
990,Fuel Pump Block-Off Plates
991,Fuel Pump Bolts
992,Fuel Pump Bottom Feed Plates
993,Fuel Pump Drivers
994,Fuel Pump Eccentrics
995,Fuel Pump Electric Voltage Controllers
996,Fuel Pump Mounting Plates
997,Fuel Pump Mounts
998,Fuel Pump Pushrods
999,Fuel Pump Rebuild Kits
1000,Fuel Pump Wiring Kits
1001,Fuel Pumps - Diesel
1002,Fuel Pumps - Diesel Components
1003,Fuel Pumps - Electric - Pressure Relief Springs
1004,Fuel Pumps - Electric External
1005,Fuel Pumps - Electric In-Tank
1006,Fuel Pumps - Electric Wiring Adapters
1007,Fuel Pumps - Mechanical
1008,Fuel Pumps - Upgrade Kit
1009,Fuel Rail Components
1010,Fuel Rail Fittings
1011,Fuel Rail Spacers
1012,Fuel Rails
1013,Fuel Strainers
1014,Fuel System Additives
1015,Fuel System Plumbing Kits
1016,Fuel System Pump Components
1017,Fuel System Pump Kits
1018,Fuel Tank Anti-Squeak Liners
1019,Fuel Tank Caps
1020,Fuel Tank Filler Neck Components
1021,Fuel Tank Filler Neck Hoses
1022,Fuel Tank Filler Necks
1023,Fuel Tank Grommets
1024,Fuel Tank Level Measuring Devices
1025,Fuel Tank Lock Rings
1026,Fuel Tank Mounting Straps & Adapters
1027,Fuel Tank Sending Unit Gaskets
1028,Fuel Tank Sending Unit Installation Kits
1029,Fuel Tank Sending Unit Replacement Components
1030,Fuel Tank Sending Units
1031,Fuel Tank Sump Kits
1032,Fuel Tank Wells
1033,Fuel Tanks
1034,Fuel Testers
1035,Fuel Vapor Canister Purge Solenoids
1036,Fuel Vapor Canister Purge Valves
1037,Fuel Vapor Canisters
1038,Fuel Vapor Leak Detection Pumps
1039,Fuel Vapor Pressure Sensors
1040,Funnel Replacement Parts
1041,Funnels
1042,Furniture
1043,Fuse Blocks
1044,Fuse Box Covers
1045,Gap Guards
1046,Garage & Trailer Organizers
1047,Gasket Coatings
1048,Gasket Material - Sheets
1049,Gaskets & Seals
1050,Gauge & Tachometer Mounting Pods
1051,Gauge Adapters
1052,Gauge Bezels
1053,Gauge Control Modules
1054,Gauge Kits - Analog
1055,Gauge Kits - Digital
1056,Gauge Kits - Direct Fit Analog
1057,Gauge Lenses
1058,Gauge Light Bulb Covers
1059,Gauge Light Bulbs
1060,Gauge Mount Angle Rings
1061,Gauge Mounting Brackets
1062,Gauge Mounting Cups
1063,Gauge Mounting Panels
1064,Gauge Mounting Pods - Console
1065,Gauge Mounting Pods - Dash
1066,Gauge Mounting Pods - Instrument Cluster Bezel
1067,Gauge Mounting Pods - Overhead Console
1068,Gauge Mounting Pods - Pillar
1069,Gauge Mounting Pods - Steering Column
1070,Gauge Mounting Pods - Suction Cup Mount
1071,Gauge Protective Boots
1072,Gauge Sending Unit Extension Harnesses & Modules
1073,Gauge Sending Unit Pressure Snubbers
1074,Gauge Sending Units
1075,Gauge Supply Line Kits
1076,Gauge Wiring Harnesses
1077,Gauges - Analog
1078,Gauges - Digital
1079,Gauges - Restoration
1080,Gear Bags & Backpacks
1081,Gear Lube
1082,Generator Armatures
1083,Generator Brackets
1084,Generator Overhaul Kits
1085,Glove Box Components
1086,Glove Boxes
1087,Glow Plugs
1088,Goggles
1089,Gooseneck Folding Hitch Balls
1090,Gooseneck Hitch Mounting Kits
1091,Gooseneck Hitch Replacement Components
1092,Gooseneck Hitches
1093,Grab Bars & Handles
1094,Grease
1095,Grease Fitting Dust Caps
1096,Grease Fittings
1097,Grille Components
1098,Grille Covers
1099,Grille Fasteners
1100,Grille Guard Mounting Kits
1101,Grille Guard Replacement Components
1102,Grille Guards
1103,Grille Guards - Brush Guard
1104,Grille Guards - Bull Bar
1105,Grille Guards - Bull Bar;Light Mounting Bars
1106,Grille Guards - Push Bar
1107,Grille Guards;Light Mounting Bars
1108,Grille Inserts
1109,Grille Inserts;Light Bars
1110,Grilles
1111,Grommets & Assortment Kits
1112,Ground Straps
1113,Guideplates
1114,HEI Distributor Upgrade Kits
1115,HEI Power Pigtails
1116,HID Bulbs
1117,HID Kits
1118,HID Light Ballast & Filters
1119,Hand Winches
1120,Hard Top Hardware
1121,Hard Top Storage Covers
1122,Hard Top Storage Organizers
1123,Hard Tops
1124,Harmonic Balancer Bolts
1125,Harmonic Balancer Puller & Installation Tools
1126,Harmonic Balancer Repair Sleeves
1127,Harmonic Balancers
1128,Harness Pads
1129,Hats
1130,Hazard Switches
1131,Head Gaskets
1132,Head Socks
1133,HeadLight Covers
1134,HeadLight Mounting Brackets
1135,HeadLight Washer Squirters
1136,HeadLight Wiring Harnesses
1137,Headache Rack Components
1138,Headache Racks
1139,Header Collector Lock Tabs
1140,Header Collector Rings
1141,Header Collectors
1142,Header Extensions
1143,Header Fasteners
1144,Header Flanges
1145,Header Installation Kits
1146,Header Panel Components
1147,Header Panels
1148,Header Reducers
1149,Headers
1150,Headlight Adjuster Components
1151,Headlight Assemblies
1152,Headlight Assembly Components
1153,Headlight Bezels
1154,Headlight Conversion Harnesses
1155,Headlight Covers
1156,Headlight Dimmer Switch Kits
1157,Headlight Door Control Harness
1158,Headlight Eyebrows
1159,Headlight Guards
1160,Headlight High-Beam Conversion Kits
1161,Headlight Housings and Buckets
1162,Headlight LED Strips
1163,Headlight Mounting Brackets
1164,Headlight Styling Kits
1165,Headlight Switches
1166,Headlight Trim
1167,Headlight Wiring Harnesses
1168,Headliners
1169,Heat Exchangers
1170,Heat Protection
1171,Heat Tape
1172,Heater Control Replacement Components
1173,Heater Cores
1174,Heater Ducting Components
1175,Heater Hose Connector Fittings
1176,Heater Installation Kits
1177,Heater Plenum Boxes
1178,Heater Valves
1179,Heaters
1180,Helmet Accessories
1181,Helmet Communicators
1182,Helmets
1183,Helper Spring Mounting Kits
1184,Hex Bit Sockets
1185,Hitch Alignment System
1186,Hitch Ball Bushings
1187,Hitch Ball Components
1188,Hitch Ball Covers
1189,Hitch Balls
1190,Hole Saws
1191,Hood Bump Stops
1192,Hood Dress-Up Kits
1193,Hood Hinge Covers
1194,Hood Hinges
1195,Hood Insulation
1196,Hood Latch Components
1197,Hood Latches
1198,Hood Locks
1199,Hood Pin Replacement Components
1200,Hood Pins
1201,Hood Prop Rods
1202,Hood Release Cables
1203,Hood Scoop Components
1204,Hood Scoop Plugs
1205,Hood Scoops
1206,Hood Vents
1207,Hoods
1208,Horn Button Emblems
1209,Horn Buttons
1210,Horn Contact Kits
1211,Horns
1212,Hose & Line Mounting Clamps
1213,Hose Assembly Tools
1214,Hose Clamp Kits
1215,Hose Clamps
1216,Hose Covers
1217,Hose End Covers
1218,Hose Ends
1219,Hose Inner Support Springs
1220,Hose Support Brackets
1221,Hoses - Heater
1222,Hoses - Miscellaneous
1223,Hoses - Radiator
1224,Hub Centric Rings
1225,Hub Conversion Kits
1226,Hydraulic Bump Stops
1227,Hydraulic Clutch Lines
1228,Hydraulic Roller Lifter Installation Kits
1229,Hydraulic Winch Adapter Kits
1230,Idle Air Control Block-Off Plates
1231,Idle Air Controls
1232,Idler Arm Bushings & Bearings
1233,Idler Arms
1234,Idler Pulley Mounting Brackets
1235,Idler Pulleys
1236,Ignition Box & Coil Kits
1237,Ignition Box Wiring Harnesses
1238,Ignition Box Wiring Harnesses - Coil
1239,Ignition Box Wiring Harnesses - Distributor
1240,Ignition Boxes
1241,Ignition Coil Bracket Fasteners
1242,Ignition Coil Brackets
1243,Ignition Coil Covers
1244,Ignition Coil Drivers
1245,Ignition Coil Selector Components
1246,Ignition Coil Vibration Mount Kits
1247,Ignition Coil Wiring Harnesses
1248,Ignition Coils
1249,Ignition Firewall Feedthrough
1250,Ignition Key Lock Cylinders
1251,Ignition Modules
1252,Ignition RPM Module Holders
1253,Ignition RPM Module Kits
1254,Ignition RPM Module Selector Components
1255,Ignition RPM Module Selectors
1256,Ignition Switch Components
1257,Ignition Switches
1258,Ignition System Combo Kits
1259,Ignition Systems - Coil on Plug
1260,Ignition Testers
1261,Ignition Timing Module Kits
1262,Ignition Timing Module Selectors
1263,Ignition Tune-Up Kits
1264,Ignition Wire Looms & Separators
1265,Impact Sensors
1266,Indicator & Warning Lights
1267,Inner Fenders
1268,Intake Manifold & Carburetor Combos
1269,Intake Manifold Adapter Kit
1270,Intake Manifold Bolts
1271,Intake Manifold Cover Plates
1272,Intake Manifold Flanges
1273,Intake Manifold Gaskets
1274,Intake Manifold Gaskets Upper to Lower
1275,Intake Manifold Installation Kits
1276,Intake Manifold Plenum Spacers
1277,Intake Manifold Runner Control Valves
1278,Intake Manifold Spacers
1279,Intake Manifold Stud Kits
1280,Intake Manifolds - Carbureted
1281,Intake Manifolds - Fuel Injected
1282,Intake Manifolds - Fuel Injected Components
1283,Intake Manifolds - Supercharger
1284,Interconnect Cables
1285,Intercooler Boot Kit
1286,Intercooler Hoses
1287,Intercooler Pipes
1288,Intercooler Tanks
1289,Intercoolers
1290,Interior Grab Handles
1291,Interior Insulation
1292,Interior Lights
1293,Interior Sunvisor Brackets
1294,Interior Sunvisors
1295,Interior Switch Bezels
1296,Interior Trim Kits
1297,Interior Trim Moldings
1298,Interior Trim Panel Fasteners
1299,Interior Vent Bezels
1300,Interior Vent Hardware
1301,Interior Vents
1302,Jack Accessories
1303,Jack Mounts
1304,Jackets & Sweatshirts
1305,Jacks
1306,Jam Nuts
1307,Key Lock Assemblies
1308,Keyless Entry Systems
1309,Keys
1310,Kickstands
1311,King Pin Components
1312,Knee Guards & Supports
1313,Knives
1314,Knock Sensor Components
1315,Knock Sensors
1316,LED Individual Lights
1317,LED Light Accessories
1318,LED Strips
1319,Ladder Bar Kits
1320,Lanyards
1321,Lap Timers
1322,Laptop Computer Mounts
1323,Launch Control Module Selectors
1324,Leaf Spring Add-A-Leafs
1325,Leaf Spring Blocks
1326,Leaf Spring Blocks;U-Bolts - Leaf Spring
1327,Leaf Spring Bushings
1328,Leaf Spring Center Pins
1329,Leaf Spring Clamps
1330,Leaf Spring Mounting Plates
1331,Leaf Spring Pads
1332,Leaf Spring Perches
1333,Leaf Spring Shackle & Hanger Hardware Kits
1334,Leaf Spring Shackle Bolts
1335,Leaf Spring Shackles & Hangers
1336,Leakdown Tester Adapters & Components
1337,Leather Conditioners
1338,License Plate Covers
1339,License Plate Frames
1340,License Plate Light Assemblies
1341,License Plate Mounting Brackets
1342,License Plates
1343,Lift Springs - Coil Springs
1344,Lift Springs - Leaf Springs
1345,Lift Supports
1346,Lifter Valley Baffles
1347,Lifter Valley Plates
1348,Lifter Valley Vents
1349,Lifters
1350,Liftgate Components
1351,Light Bar Accessories
1352,Light Bar Covers
1353,Light Bar Mounting Kits
1354,Light Bars
1355,Light Bulb Load Resistor Kits
1356,Light Bulb Sockets
1357,Light Bulbs
1358,Light Guard Kits
1359,Light Mounting Bars
1360,Line Lock Components
1361,Line Lock Installation Kits
1362,Line Lock Rebuild Kits
1363,Line Locks - Brakes
1364,Link Bushings
1365,Liquid Protectants
1366,Liquid Transfer Tank Accessories
1367,Liquid Transfer Tank Caps
1368,Liquid Transfer Tanks
1369,Locking Hub Service Kits
1370,Locking Hubs
1371,Lowering Springs - Coil Springs
1372,Lowering Springs - Leaf Springs
1373,Lug Bolts
1374,Lug Nut Covers
1375,Lug Nut End Caps
1376,Lug Nut Sockets
1377,Lug Nut Washers
1378,Lug Nut Wrenches
1379,Lug Nuts
1380,Lumbar Supports
1381,Lunette Eyes
1382,MAP Sensors
1383,Magnetic Signal Stabilizer
1384,Magneto Controllers
1385,Magneto Kill Switches
1386,Magneto Replacement Parts
1387,Magneto Setup Tachometers
1388,Magneto Signal Converter
1389,Magnetos
1390,Main Bearings
1391,Main Cap Fasteners
1392,Main Cap Girdles
1393,Mandrel Bolts
1394,Manual Transmission Bearing Retainer Gaskets
1395,Manual Transmission Bearings
1396,Manual Transmission Gasket Sets
1397,Manual Transmission Gears
1398,Manual Transmission Input Shafts
1399,Manual Transmission Rebuild Kits
1400,Manual Transmission Replacement Parts
1401,Manual Transmission Shifter Fork Pads
1402,Manual Transmission Shifter Forks
1403,Manual Transmission Synchros
1404,Manual Transmission Throwout Bearing Retainers
1405,Manual Transmissions
1406,Marker Light Assemblies
1407,Marker Light Bezels
1408,Marker Light Covers
1409,Mass Airflow Conversion Kits
1410,Mass Airflow Sensor Extension Harnesses
1411,Mass Airflow Sensor Filter Adapters
1412,Mass Airflow Sensor Housing Adapters
1413,Mass Airflow Sensor Housings
1414,Mass Airflow Sensors
1415,Master Cylinder & Brake Booster Assemblies
1416,Master Cylinder Access Panels
1417,Master Cylinder Rebuild Kits
1418,Master Cylinder Replacement Components
1419,Master Cylinder Reservoir Covers
1420,Master Cylinders
1421,Measuring Caliper
1422,Mechanical Fan Spacers
1423,Mirror Relocation Brackets
1424,Mirror Relocation Filler Plates
1425,Mirror Trim Covers
1426,Mobile Device Cases
1427,Motor Mount Bolts
1428,Motor Mount Shims
1429,Motor Mounts & Inserts
1430,Motor Oil
1431,Motorcycle Covers
1432,Motorcycle Seat Protectors
1433,Mud Flaps
1434,Muffler Heat Shields
1435,Muffler Silencers
1436,Mufflers
1437,Multi Step Module Selectors
1438,Multimeters
1439,NPT to Nipple Fittings
1440,Navigation System Accessories
1441,Neck Braces
1442,Nerf Bar & Step Bar Components
1443,Nerf Bars & Step Bars
1444,Neutral Safety & Backup Light Switches
1445,Nitrous Oxide Activation Switch Brackets
1446,Nitrous Oxide Activation Switches
1447,Nitrous Oxide Blow Down Tubes
1448,Nitrous Oxide Bottle Blankets
1449,Nitrous Oxide Bottle Brackets
1450,Nitrous Oxide Bottle Heaters
1451,Nitrous Oxide Bottle Nut Washers
1452,Nitrous Oxide Bottle Nuts
1453,Nitrous Oxide Bottle Roll Bar Mount Brackets
1454,Nitrous Oxide Bottle Valve Replacement Components
1455,Nitrous Oxide Bottle Valves
1456,Nitrous Oxide Bottles
1457,Nitrous Oxide Controllers
1458,Nitrous Oxide Distribution Blocks
1459,Nitrous Oxide Flow Testing Tools
1460,Nitrous Oxide Fuel Filter Fittings
1461,Nitrous Oxide Jets
1462,Nitrous Oxide Nozzles
1463,Nitrous Oxide Plates
1464,Nitrous Oxide Plumbing Kits
1465,Nitrous Oxide Purge Kits
1466,Nitrous Oxide Refill Station Accessories
1467,Nitrous Oxide Refill Stations
1468,Nitrous Oxide Safety Blow-Off Discs
1469,Nitrous Oxide Solenoid Mounting Brackets
1470,Nitrous Oxide Solenoid Rebuild Kits
1471,Nitrous Oxide Solenoid Replacement Parts
1472,Nitrous Oxide Solenoids
1473,Nitrous Oxide System Conversion & Upgrade Kits
1474,Nitrous Oxide Systems
1475,Noise Filter Capacitors
1476,Nuts
1477,O-Rings
1478,OBD Port Plugs
1479,Off-Road Bumper Accessories
1480,Off-Road Bumper Replacement Parts
1481,Off-Road Bumpers - Front
1482,Off-Road Bumpers - Front;Nerf Bars & Step Bars
1483,Off-Road Bumpers - Front;Off-Road Bumpers - Rear
1484,Off-Road Bumpers - Rear
1485,Off-Road Lights
1486,Oil Bypass Eliminators
1487,Oil Catch Cans
1488,Oil Cooler Connectors
1489,Oil Cooler Gaskets & Seals
1490,Oil Cooler Lines
1491,Oil Filler Tubes
1492,Oil Filter Adapter Replacement Components
1493,Oil Filter Adapter Replacement O-Rings
1494,Oil Filter Adapters
1495,Oil Filter Canister Caps
1496,Oil Filter Covers
1497,Oil Filter Gaskets
1498,Oil Filter Mounts
1499,Oil Filter Nipples
1500,Oil Filter Relocation Kits
1501,Oil Filter Screens
1502,Oil Filter Seal Kits
1503,Oil Filters
1504,Oil Lines & Kits
1505,Oil Pan Baffles
1506,Oil Pan Drain Plug Gaskets
1507,Oil Pan Drain Plugs
1508,Oil Pan Fasteners
1509,Oil Pan Gaskets
1510,Oil Pan Inspection Plugs
1511,Oil Pans
1512,Oil Preheaters
1513,Oil Pressure Safety Switches
1514,Oil Pump & Pickup Combos
1515,Oil Pump Block-Off Plates
1516,Oil Pump Covers
1517,Oil Pump Driveshafts
1518,Oil Pump Fasteners
1519,Oil Pump Gaskets - Seals & O-Rings
1520,Oil Pump Pickups
1521,Oil Pump Primers
1522,Oil Pump Rebuild Kits
1523,Oil Pump Springs
1524,Oil Pumps
1525,Oil Restrictors
1526,Oil Return Screen Kits
1527,Oil Slingers
1528,Oil Tank Mounting Brackets
1529,Oil Tank Replacement Components
1530,Oil Tanks
1531,On-Board Vehicle Air Compressors
1532,Overflow & Recovery Tanks
1533,Overflow Tank Components
1534,Overflow Tank Mounting Brackets
1535,Overhead Console Caps
1536,Overhead Consoles
1537,Oxygen Sensor Harnesses
1538,Oxygen Sensor Mounting Clamps
1539,Oxygen Sensor Plugs
1540,Oxygen Sensor Wideband Control Kits
1541,Oxygen Sensors
1542,PCV Delete Kits
1543,PCV Diaphrams
1544,PCV Valves
1545,Paint
1546,Panhard Bar Bushings
1547,Panhard Bar Replacement Components
1548,Panhard Bars
1549,Parking Aide Sensor Relocation Bracket
1550,Parking Brake Cable Replacement Components
1551,Parking Brake Cables
1552,Parking Brake Components
1553,Parking Brake Handle Covers
1554,Parking Brake Handles
1555,Parking Light Assemblies
1556,Parking Light Components
1557,Particulate Trap Kits
1558,Parts Cleaning Brushes
1559,Pedal Assemblies
1560,Pedal Assembly Components & Accessories
1561,Pedal Pads
1562,Penetrating Oils
1563,Performance Chips & Programmers
1564,Performance Meters
1565,Performance Module
1566,Performance Packages
1567,Performance Tuner
1568,Personal Watercraft Covers
1569,Pet Barrier Accessories
1570,Pet Barriers
1571,Petcocks
1572,Pillar Post Trim Covers
1573,Pilot Bearings & Bushings
1574,Pin Extraction Tools
1575,Pinion Angle Cam Bolts
1576,Pinion Angle Shims
1577,Pinion Bearings & Races
1578,Pinion Flanges
1579,Pinion Seals
1580,Pinion Support Fasteners
1581,Pinion Supports
1582,Pinion Yoke Wrenches
1583,Pintle Hitches
1584,Pintle Mounts
1585,Pintle Ring Drawbar Channels & Components
1586,Piston Ring Compressors
1587,Piston Rings
1588,Pistons
1589,Pit Board Accessories
1590,Pit Mats
1591,Pitman Arms
1592,Plenum Covers
1593,Pliers
1594,Plug & Cap Fittings
1595,Pocket Anchors
1596,Polishing Cloths
1597,Polishing Compounds
1598,Portable Generators
1599,Portable Shelters
1600,Portable Toolboxes
1601,Porting & Polishing Kits
1602,Power Door Lock Actuators
1603,Power Package
1604,Power Steering Brackets
1605,Power Steering Fluid
1606,Power Steering Hoses & Lines
1607,Power Steering Pulleys
1608,Power Steering Pump Cap Covers
1609,Power Steering Pump Caps
1610,Power Steering Pump Flow Control Fittings
1611,Power Steering Pump Replacement Parts
1612,Power Steering Pump Seals
1613,Power Steering Pumps
1614,Power Steering Reservoir Caps
1615,Power Steering Reservoir Mounting Brackets
1616,Power Steering Reservoirs
1617,Power Window Motors
1618,Power Window Replacement Components
1619,Power Window Switches
1620,Powersports Control Arms
1621,Powersports Gauges - Analog
1622,Powersports Storage Boxes
1623,Pressure Plate Fasteners
1624,Pressure Plates
1625,Pressure Relief Valves
1626,Pressure Sensors
1627,Programmer Installation Harnesses
1628,Protective Sleeve Installation Tools
1629,Pulley Blocks
1630,Pulley Bolts
1631,Pulley Kits
1632,Pulley Locating Pilots
1633,Pulley Nose Cones
1634,Pulley Spacers
1635,Pushrods - Assembled
1636,Pyrometer Thermocouples
1637,Quick Disconnect Fittings
1638,Quick Fastener Sinking Tools
1639,Quick Fastener Wrenches
1640,Quick Fasteners
1641,Quick Release Pins
1642,RPM Modules - Adjustable
1643,RTV
1644,Race Car Tie-Down Tabs
1645,Racing Harness Components
1646,Racing Harnesses
1647,Racing Seats
1648,Racing Springs
1649,Rack & Pinion Bellows
1650,Rack & Pinion Bushings
1651,Rack & Pinion Replacement Parts
1652,Rack & Pinions
1653,Rack and Pinion Installation Kits
1654,Radiator Baffles
1655,Radiator Cap Covers
1656,Radiator Caps
1657,Radiator Crossmembers
1658,Radiator Fan Resistors
1659,Radiator Filler Necks
1660,Radiator Hose Adapters & Extensions
1661,Radiator Hose Fillers
1662,Radiator Mounting Brackets
1663,Radiator Support Bushings
1664,Radiator Supports
1665,Radiator Supports;Header Panels
1666,Radiators
1667,Radio Bezels
1668,Radio Delete Hardware
1669,Radio Delete Panels
1670,Radius Arm Brackets
1671,Radius Arm Bushings
1672,Radius Arms
1673,Ramps
1674,Rear Chassis Braces
1675,Rear Hatch Trim Covers
1676,Rear Main Seal Adapter Components
1677,Rear Main Seals
1678,Rear Motor Cover Fasteners
1679,Rear Seat Delete Kits
1680,Rear Side Window Shades
1681,Rear Suspension Packages
1682,Rear View & Side View Camera Components
1683,Rear View & Side View Camera Kits
1684,Rear View Mirror Accessories
1685,Rear View Mirror Covers
1686,Rear View Mirror Mounting Brackets
1687,Rear View Mirror Replacement Components
1688,Rear View Mirrors
1689,Rear Window Defroster Harnesses
1690,Rear Window Shades
1691,Rebound Dampers
1692,Receiver Hitch & Coupler Locks
1693,Receiver Hitch Ball Mounts
1694,Receiver Hitch Components
1695,Receiver Hitch Covers
1696,Receiver Hitch Extenders & Adapters
1697,Receiver Hitch License Plate Brackets
1698,Receiver Hitch Pins
1699,Receiver Hitch Steps
1700,Receiver Hitches
1701,Receiver Mounted Cargo Carriers
1702,Reducers
1703,Reflectors
1704,Refrigerator Components
1705,Refrigerator Slides
1706,Refrigerator Transit Bags
1707,Refrigerators
1708,Relay Accessories
1709,Relays
1710,Remote Battery Jumper Terminals
1711,Remote Controls
1712,Remote Key Fobs
1713,Remote Oil Thermostats
1714,Remote Starter Buttons
1715,Residual Pressure Valves
1716,Resonator Delete - Air Intake
1717,Resonators
1718,Restrictor Fittings
1719,Retrieval Tools
1720,Rev Limiters
1721,Rib Vests
1722,Ring & Pinion Gear Installation Kits
1723,Ring & Pinion Gears
1724,Ring Gear Fasteners
1725,Ring Gear Spacers
1726,Roadside Emergency Tool Kits & Components
1727,Rocker Arm Bridges
1728,Rocker Arm Nuts
1729,Rocker Arm Pivot Balls
1730,Rocker Arm Replacement Parts
1731,Rocker Arm Shafts
1732,Rocker Arm Shims
1733,Rocker Arm Stud Girdles
1734,Rocker Arm Stud Pinning Kits
1735,Rocker Arm Studs
1736,Rocker Arms
1737,Rocker Guard Components
1738,Rocker Guards
1739,Rocker Panel Covers
1740,Rocker Panel Moldings
1741,Rocker Panels
1742,Rod Bearings
1743,Rod Bolt Stretch Gauges
1744,Rod End Alignment Bushings
1745,Rod End Components & Accessories
1746,Rod End Dust Boots
1747,Rod Ends
1748,Roll Bar Accessories
1749,Roll Bar Components
1750,Roll Bar Covers
1751,Roll Bar Padding
1752,Roll Bars - Show
1753,Roof Cargo Containers
1754,Roof Rack Accessories
1755,Roof Rack Adapters
1756,Roof Rack Light Brackets
1757,Roof Rack Replacement Parts
1758,Roof Rack Tire Mounts
1759,Roof Racks
1760,Roof Rails
1761,Roof Storage Bags
1762,Running Board Components
1763,Running Boards
1764,Safety Wire
1765,Scoop to Carburetor Isolating Trays
1766,Screwdrivers
1767,Screws
1768,Sealed Beam Headlight Conversions
1769,Seat Belt Components
1770,Seat Belts
1771,Seat Brackets
1772,Seat Components
1773,Seat Covers
1774,Seat Heater Kits
1775,Seat Pad
1776,Seat Supports
1777,Seat Upholstery
1778,Secondary Linkage Kits
1779,Security Locks
1780,Separator Tanks
1781,Shackle Bushings
1782,Shaved Door Handle Kits
1783,Shift Indicators
1784,Shift Interlock Components
1785,Shift Knob Components
1786,Shift Light Extension Wire Harness
1787,Shift Light RPM Module Kits
1788,Shift Lights
1789,Shift Timers
1790,Shifter Bezels
1791,Shifter Boot Rings
1792,Shifter Boots
1793,Shifter Bushings & Clips - Manual Transmission
1794,Shifter Cables - Automatic Transmission
1795,Shifter Components - Transfer Case
1796,Shifter Conversion Kits - Automatic Transmission
1797,Shifter Covers - Automatic Transmission
1798,Shifter Indicator Windows - Automatic Transmission
1799,Shifter Installation Kits - Manual Transmission
1800,Shifter Mounting Brackets - Automatic Transmission
1801,Shifter Regulators - Air
1802,Shifter Replacement Parts - Automatic Transmission
1803,Shifter Replacement Parts - Manual Transmission
1804,Shifter Solenoids - Air
1805,Shifter Solenoids - Electric
1806,Shifter Stick Components - Manual Transmission
1807,Shifter Sticks - Automatic Transmission
1808,Shifter Sticks - Manual Transmission
1809,Shifters - Air
1810,Shifters - Air Replacement Components
1811,Shifters - Automatic Transmission
1812,Shifters - Electric
1813,Shifters - Manual Transmission
1814,Shifters - Transfer Case
1815,Shifters - Transfer Case Brackets
1816,Shock & Strut Braces
1817,Shock & Strut Components
1818,Shock Boots & Covers
1819,Shock Bump Stop Components
1820,Shock Bump Stop Kits
1821,Shock Bump Stops
1822,Shock Bushings
1823,Shock Extensions
1824,Shock Kits
1825,Shock Mount Conversion Kits
1826,Shock Mount Replacement Components
1827,Shock Mounts
1828,Shock Rebuild Kits
1829,Shock Rebuild Tools
1830,Shock Reservoir Isolator Bushings
1831,Shock Reservoir Mounting Kits
1832,Shocks & Struts
1833,Shop Gloves
1834,Short Block Engines
1835,Shovels
1836,Shrink Sleeve Tubing
1837,Shut-Off Valves
1838,Side Body Panels
1839,Side Marker Light Components
1840,Side Skirts
1841,Side Step Installation Kits
1842,Side Trim Accents
1843,Side Vents
1844,Side View Mirror Components
1845,Side View Mirror Mounting Brackets
1846,Side View Mirrors
1847,Side Window Visors
1848,Side Window Visors & Bug Guard Combos
1849,Six Pack Linkage Kits
1850,Ski & Snowboard Racks
1851,Skid Plate Brackets
1852,Skid Plate Replacement Parts
1853,Skid Plates
1854,Skip Shift Eliminators
1855,Sleeves - Protective
1856,Slippers
1857,Smog Pump Eliminator Brackets
1858,Snap Rings
1859,Snow Plow Blades
1860,Snow Plow Components
1861,Snow Plow Mounts
1862,Snow Plow Wear Bars
1863,Snow Plows
1864,Snow Shoes
1865,Socks
1866,Soft Top Hardware
1867,Soft Top Storage Covers
1868,Soft Top Windows
1869,Soft Tops
1870,Solderless Terminal Kits
1871,Solenoid Valve - Universal
1872,Spacers
1873,Spanner Wrenches
1874,Spare Tire Carriers
1875,Spare Tire Hold Downs
1876,Spare Tire Locks
1877,Spare Tire Mounting Brackets
1878,Spare Tire Relocation Kits
1879,Spare Tire Stops
1880,Spark Plug Boot Retainers
1881,Spark Plug Holders
1882,Spark Plug Indexing Tools
1883,Spark Plug Indexing Washers
1884,Spark Plug Tube Seals
1885,Spark Plug Wire Components
1886,Spark Plug Wire Markers
1887,Spark Plug Wire Retainers
1888,Spark Plug Wire Sets
1889,Spark Plug Wire Sleeving
1890,Spark Plug Wire Sync Kits
1891,Spark Plug Wires - Bulk Wire
1892,Spark Plug Wires - Single
1893,Spark Plugs
1894,Speaker Boxes
1895,Speaker Grilles
1896,Speed Bleeder Bags
1897,Speedometer Cable Adapters
1898,Speedometer Cables
1899,Speedometer GPS Antennas
1900,Speedometer GPS Interface Modules
1901,Speedometer Gauges
1902,Speedometer Gears
1903,Speedometer Recalibration Devices
1904,Speedometer Sending Units
1905,Spider Gears
1906,Spindle Bearings
1907,Spindle Nut Sockets
1908,Spindle Nuts
1909,Spindle Replacement Components
1910,Spindles
1911,Sponges
1912,Spools & Mini Spools
1913,Spotlights
1914,Starter Bolts
1915,Starter Drive End Blocks
1916,Starter Drives
1917,Starter Heat Shields
1918,Starter Rebuild Parts
1919,Starter Replacement Pinion Gears
1920,Starter Solenoids
1921,Starter Wiring Harnesses
1922,Starters
1923,Stators
1924,Steering Arm Blocks
1925,Steering Arms
1926,Steering Box Mount Brackets
1927,Steering Box Replacement Parts
1928,Steering Box Support Kits
1929,Steering Boxes
1930,Steering Column Boots
1931,Steering Column Clock Springs
1932,Steering Column Covers
1933,Steering Column Dress-Up Kits
1934,Steering Column Knob Covers
1935,Steering Column Knobs
1936,Steering Column Replacement Components
1937,Steering Column Shift Arms
1938,Steering Column Tilt Levers
1939,Steering Columns
1940,Steering Coupler Components
1941,Steering Couplers
1942,Steering Knuckle Bearings & Bushings
1943,Steering Knuckle Components
1944,Steering Knuckle Seals
1945,Steering Link Arm Bushings
1946,Steering Linkage Systems
1947,Steering Rebuild Kits
1948,Steering Shaft Replacement Components
1949,Steering Shafts
1950,Steering Shift Tubes
1951,Steering Stabilizer Brackets
1952,Steering Stabilizers
1953,Steering U-Joints
1954,Steering Wheel Accents
1955,Steering Wheel Installation Kits
1956,Steering Wheel Quick Disconnects
1957,Steering Wheel Replacement Parts
1958,Steering Wheel Spacers
1959,Steering Wheels
1960,Stock Height Springs
1961,Storage Boxes
1962,Storage Cases
1963,Strut Bellow Kits
1964,Strut Bushings
1965,Strut Mounts
1966,Strut Rod Bushings
1967,Strut Rods
1968,Studs
1969,Subframe & Cradle Bushings & Inserts
1970,Subframe Connector Replacement Components
1971,Subframe Connectors - Bolt-On
1972,Subframe Connectors - Weld-On
1973,Sunroof Visors
1974,Supercharger Belt Installation Kits
1975,Supercharger Boost Upgrade Kits
1976,Supercharger Carb Plate Injector Gaskets
1977,Supercharger Coolant Tanks
1978,Supercharger Drive Belts
1979,Supercharger Fasteners
1980,Supercharger Gasket Sets
1981,Supercharger Gear Cover Gaskets
1982,Supercharger Idler Arm Assemblies
1983,Supercharger Idler Brackets
1984,Supercharger Nose Drive Assemblies
1985,Supercharger Nose Drive Couplers
1986,Supercharger Nose Drive Gaskets
1987,Supercharger Pulley Kits
1988,Supercharger Pulley Spacers
1989,Supercharger Pulleys
1990,Supercharger Top Plates
1991,Supercharger to Manifold Gaskets
1992,Superchargers - Automatic Conversion Kits
1993,Superchargers - Roots Style Components
1994,Superchargers - Roots Style Kits
1995,Suspension Handling Packages
1996,Suspension Helper Spring Replacement Components
1997,Suspension Helper Springs
1998,Suspension Kits - Air Spring Replacement Parts
1999,Suspension Kits - Air Springs
2000,Suspension Knuckles
2001,Suspension Lift Kit Components
2002,Suspension Lift Kits
2003,Suspension Lowering Kits
2004,Suspension Torque Arm Brackets
2005,Suspension Torque Arms
2006,Suspension Travel Limiters
2007,Sway Bar
2008,Sway Bar Adapter Kits
2009,Sway Bar Clamps
2010,Sway Bar End Link Replacement Parts
2011,Sway Bar End Links
2012,Sway Bar Mounting Bracket Fasteners
2013,Sway Bar Mounting Brackets
2014,Sway Bar Mounting Bushings
2015,Sway Bar Mounting Kits
2016,Sway Bar Relocation Brackets
2017,Sway Bar Replacement Components
2018,Sway Bar Spacers
2019,Sway Bars
2020,Sway Control Attachment Balls
2021,Switch Boots - Waterproof
2022,Switches - RPM Activated
2023,Switches - Time Delay
2024,T-Handle Wrenches
2025,T-Shirts
2026,Tables
2027,Tachometer Adapters
2028,Tachometer Gauges
2029,Tachometer Inductive Triggers
2030,Tachometer Mounting Brackets
2031,Tachometer Programmers
2032,Tachometer Replacement Driveshaft Sensors
2033,Tachometer Replacement Magnets
2034,Tachometer Replacement Probes
2035,Tachometer Replacement Rotary Memory Switches
2036,Tailgate Cables
2037,Tailgate Components
2038,Tailgate Handles
2039,Tailgate Hinge Covers
2040,Tailgate Hinge Repair Kits
2041,Tailgate Hinges
2042,Tailgate Ladders
2043,Tailgate Latch Components
2044,Tailgate Latches
2045,Tailgate Locks
2046,Tailgate Mats
2047,Tailgate Nets
2048,Tailgate Protectors
2049,Tailgate Seals
2050,Tailgate Trim
2051,Tailgates
2052,Taillight Assemblies
2053,Taillight Components
2054,Taillight Covers
2055,Taillight Guards
2056,Taillight Trim
2057,Tape
2058,Tape Measures
2059,Taps
2060,Tee Fittings
2061,Temperature Sender Fittings
2062,Temperature Sender Manifolds
2063,Tensioner Pulleys
2064,Tents
2065,Thermostat Retainers
2066,Thermostats - Mechanical
2067,Third Brake Light Assemblies
2068,Third Brake Light Covers
2069,Third Brake Light Extension Brackets
2070,Third Member Cases
2071,Third Member Complete Assembly
2072,Thread Chaser Sets
2073,Thread Chasers - Individual
2074,Thread Locking Compounds
2075,Threaded Rods
2076,Throttle Bodies
2077,Throttle Body Adapter Harnesses
2078,Throttle Body Adapters - Carbureted Manifold
2079,Throttle Body Adapters - EFI Manifold
2080,Throttle Body Gaskets
2081,Throttle Body Intake Elbows
2082,Throttle Body Rebuild Kits
2083,Throttle Body Replacement Components
2084,Throttle Body Spacers
2085,Throttle Cable Brackets
2086,Throttle Cables
2087,Throttle Lever Adapters
2088,Throttle Lever Studs
2089,Throttle Linkage
2090,Throttle Plates & Kits
2091,Throttle Position Sensors
2092,Throttle Response Enhancers
2093,Throttle Return Spring & Bracket Kits
2094,Throttle Return Spring Brackets
2095,Throttle Return Springs
2096,Throttle Shaft Service Kits
2097,Throttle Stop Replacement Components
2098,Throttle Stop Solenoids
2099,Throttle Stops
2100,Throwout Bearings
2101,Thrust Angle Shims
2102,Thrust Washer Bearings
2103,Tie Rod Adjusting Tools
2104,Tie Rod Clamps
2105,Tie Rod End Dust Boots
2106,Tie Rod Ends
2107,Tie Rod Sleeves
2108,Tie-Down Straps
2109,Timing Belt Idler Pulley
2110,Timing Belt Tensioners
2111,Timing Belts
2112,Timing Chain & Gear Replacement Parts
2113,Timing Chain & Gear Sets
2114,Timing Chain Dampeners
2115,Timing Chain Guides
2116,Timing Chain Tensioner Hardware
2117,Timing Chain Tensioners
2118,Timing Chains
2119,Timing Controllers - Electronic
2120,Timing Controllers - Mechanical
2121,Timing Cover Dowel Pins
2122,Timing Cover Fasteners
2123,Timing Cover Gaskets
2124,Timing Cover Seals
2125,Timing Covers
2126,Timing Gear Drive Sets
2127,Timing Gears
2128,Timing Light Replacement Parts
2129,Timing Lights
2130,Timing Pointers
2131,Timing Tape
2132,Tire Covers
2133,Tire Deflators
2134,Tire Mounted Steps
2135,Tire Pressure Gauge Covers
2136,Tire Pressure Gauge Replacement Components
2137,Tire Pressure Gauges & Inflators
2138,Tire Pressure Monitoring Replacement Components
2139,Tire Pressure Monitoring Replacement Sensor Valves
2140,Tire Pressure Monitoring System Sensors
2141,Tire Pressure Monitoring Systems Sensor Bands
2142,Tire Repair
2143,Tire Tubes
2144,Tires
2145,Toe Rod Links
2146,Tonneau Cover Replacement Parts
2147,Tonneau Covers - Folding
2148,Tonneau Covers - Hinged
2149,Tonneau Covers - Retractable
2150,Tonneau Covers - RollUp
2151,Tonneau Covers - RollUp;Tonneau Covers - Hinged
2152,Tool Pouches
2153,Tool Trays & Mats
2154,Toolbox Drawer Liners - Dividers & Mats
2155,Toolbox Mounting Kits
2156,Toolbox Replacement Components
2157,Top Speed Eliminators
2158,Torque Arm Bushings
2159,Torque Converter Fasteners
2160,Torque Converter Lock up Kits
2161,Torque Converters
2162,Torsion Bar Adjusters
2163,Torsion Bar Bushings
2164,Torsion Bar Seal Sets
2165,Torsion Bar Unloading Tools
2166,Torsion Bars
2167,Tow Bar Replacement Components
2168,Tow Bars
2169,Tow Hooks
2170,Tow Shackle Brackets
2171,Tow Shackles
2172,Tow Strap Receiver Attachments
2173,Tow Strap Storage Bags
2174,Tow Straps
2175,Towels
2176,Track Arm Bushings
2177,Track Bar Brackets
2178,Track Bar Bushings
2179,Track Bars
2180,Traction Bar Mounting Kits
2181,Traction Bars
2182,Trailer Brake Assemblies
2183,Trailer Brake Components
2184,Trailer Brake Controller Harnesses
2185,Trailer Brake Controllers
2186,Trailer Brake Shoes
2187,Trailer Breakaway Switch Replacement Parts
2188,Trailer Breakaway Switches
2189,Trailer Connector Dust Covers
2190,Trailer Coupler Components
2191,Trailer Coupler Safety Pins
2192,Trailer Couplers
2193,Trailer Hitch Anti Rattle Kits
2194,Trailer Hitch Receiver Tubing
2195,Trailer Jack Replacement Parts
2196,Trailer Jack Slides
2197,Trailer Jacks
2198,Trailer Leg Supports
2199,Trailer Light Replacement Lenses
2200,Trailer Light Replacement Parts
2201,Trailer Lights
2202,Trailer Mirrors
2203,Trailer Safety Chain Hooks
2204,Trailer Safety Chain Quick Links
2205,Trailer Safety Chain U Bolts
2206,Trailer Safety Chains & Cables
2207,Trailer Storage Boxes
2208,Trailer Suspension Replacement Hubs
2209,Trailer Suspensions
2210,Trailer Sway Control Components
2211,Trailer Sway Control Units
2212,Trailer Wiring Harnesses
2213,Trailers
2214,Trailing Arm Mount Brace Kits
2215,Transfer Case Bearings
2216,Transfer Case Components
2217,Transfer Case Gaskets
2218,Transfer Case Indexing Rings
2219,Transfer Case Lowering Kits
2220,Transfer Case Motors
2221,Transfer Case Mount Bushings
2222,Transfer Case Mounts
2223,Transfer Case Rebuild Kits
2224,Transfer Case Seals
2225,Transfer Case Shift Knobs
2226,Transfer Case Slip Yoke Eliminator Kits
2227,Transmission Crossmember Extension Brackets
2228,Transmission Crossmembers
2229,Transmission Fluid
2230,Transmission Fluid Dipsticks
2231,Transmission Input Shaft Seals
2232,Transmission Line Adapter Fittings
2233,Transmission Mounts
2234,Transmission Pan Gaskets
2235,Transmission Rear Seals
2236,Transmission Shift Knobs
2237,Transmission Solenoids
2238,Transmission Stabilizer Bushings
2239,Transmission Tailshaft Plugs
2240,Transport Chains
2241,Tree Saver Straps
2242,Truck Bed Cargo Slides
2243,Truck Bed Extender Installation Kits
2244,Truck Bed Extenders
2245,Truck Bed Lights
2246,Truck Bed Liners
2247,Truck Bed Seals
2248,Truck Bed Stake Pocket Covers
2249,Truck Bed Tie-Down Clamps
2250,Truck Bed Toolbox Accessories
2251,Truck Bed Toolboxes
2252,Truck Step Installation Kits
2253,Truck Step Replacement Parts
2254,Truck Steps
2255,Truck Tent Accessories
2256,Truck Tent Awnings
2257,Trunk Lid Moldings
2258,Tube Ferrules
2259,Tube Sleeves
2260,Tubing Benders
2261,Tubing Couplers
2262,Tubing Cutters
2263,Tubings
2264,Tunnel Braces
2265,Turbine Outlet Elbow Assemblies
2266,Turbo Flange Adapters
2267,Turbo Timers
2268,Turbocharger Boost Builders
2269,Turbocharger Components
2270,Turbocharger Exhaust Manifolds
2271,Turbocharger Gaskets
2272,Turbocharger Head Units
2273,Turbocharger Kits
2274,Turbocharger Oil Flanges
2275,Turbocharger Oil Return Line Kits
2276,Turbocharger Oil Supply Lines
2277,Turbocharger Upgrade Kits
2278,Turn Signal & Side Marker Guards
2279,Turn Signal Flasher Kits
2280,Turn Signal Indicators
2281,Turn Signal Lens Seals
2282,Turn Signal Lever Covers
2283,Turn Signal Levers
2284,Turn Signal Repair Kits
2285,Turn Signal Switches
2286,Turn Signal Wiring Kits
2287,Two Cycle Oils
2288,U-Bolts - Leaf Spring
2289,U-Joint Fasteners
2290,U-Joints
2291,Umbrellas
2292,Under Seat Cargo Holders
2293,Underhood Trim
2294,Underwear
2295,Universal Fittings
2296,Upper Door Sliders
2297,Upper Radiator Support Covers
2298,Utility Jug Caps
2299,Utility Jug Spouts
2300,Utility Jugs
2301,Utility Lift Slings
2302,Vacuum Caps & Plugs
2303,Vacuum Fittings & Assortment Kits
2304,Vacuum Pump Accessories
2305,Vacuum Pump Mounting Brackets
2306,Vacuum Pump Pulleys
2307,Vacuum Pump Rebuild Kits
2308,Vacuum Pump Replacement Components
2309,Vacuum Pumps - Racing
2310,Vacuum Pumps - Street
2311,Vacuum Relief Valves
2312,Vacuum Reservoirs
2313,Valley Pans & Gaskets
2314,Valve Body Replacement Components
2315,Valve Cover Accessory Sets
2316,Valve Cover Baffles
2317,Valve Cover Breathers
2318,Valve Cover Fasteners
2319,Valve Cover Gaskets
2320,Valve Cover Grommets
2321,Valve Cover Hold-Down Tabs
2322,Valve Cover Oil Fill Cap Covers
2323,Valve Cover Oil Fill Caps
2324,Valve Cover Spacers & Adapters
2325,Valve Covers
2326,Valve Guides
2327,Valve Locks
2328,Valve Seats
2329,Valve Spring & Retainer Kits
2330,Valve Spring Compressors
2331,Valve Spring Compressors Conversion Kits
2332,Valve Spring Locators
2333,Valve Spring Retainers
2334,Valve Spring Testers
2335,Valve Springs
2336,Valve Stem Caps
2337,Valve Stem Seals
2338,Valve Stems
2339,Valves
2340,Valvetrain Checking Springs
2341,Valvetrain Oil Deflectors
2342,Variable Cam Timing Solenoids
2343,Vehicle Appearance Packages
2344,Vehicle Bodies
2345,Vehicle Speed Sensors
2346,Vehicle Towing Harness Adapter Mounting Brackets
2347,Vehicle Towing Harness Adapter Replacement Parts
2348,Vehicle Towing Harness Adapters
2349,Vehicle Traction Mats
2350,Video Camera Components
2351,Video Cameras
2352,Vise Jaw Inserts
2353,Voltage Reducers
2354,Voltage Regulator & Rectifiers
2355,Voltage Regulator Brackets & Covers
2356,Warning Light Sending Units
2357,Washers
2358,Wastegate Actuators
2359,Wastegate Controllers
2360,Wastegate Replacement Components
2361,Wastegates
2362,Watches
2363,Water Bypass Kits
2364,Water Manifolds
2365,Water Neck Bleeder Plates
2366,Water Neck Block-Off Plates
2367,Water Neck Components
2368,Water Neck Fasteners
2369,Water Neck Gaskets
2370,Water Neck O-Rings
2371,Water Neck Relocation Kits
2372,Water Neck Spacers
2373,Water Necks
2374,Water Outlet Restrictors
2375,Water Pump - Electric - Port Adapter Flanges
2376,Water Pump - Electric - Rebuild Components
2377,Water Pump - Electric - Replacement Motors
2378,Water Pump - Electric - Thermostatic Switches
2379,Water Pump - Electric Drive Kit Replacement Belts
2380,Water Pump - Electric Drive Kit Replacement Motors
2381,Water Pump - Electric Drive Kits
2382,Water Pump - Mechanical - Replacement Components
2383,Water Pump Backing Plates
2384,Water Pump Fasteners
2385,Water Pump Gaskets
2386,Water Pump Mounting Brackets
2387,Water Pump Pulley Shims
2388,Water Pump Pulleys
2389,Water Pump Spacers
2390,Water Pumps - Electrical
2391,Water Pumps - Mechanical
2392,Water Separator Valve Sensors
2393,Water Separator Valves
2394,Water/Methanol Injection System Controllers
2395,Water/Methanol Injection System Nozzles
2396,Water/Methanol Injection System Pumps
2397,Water/Methanol Injection System Replacement Parts
2398,Water/Methanol Injection System Reservoirs
2399,Water/Methanol Injection System Solenoids
2400,Water/Methanol Injection Systems
2401,Watts Link Bushings
2402,Watts Links
2403,Weatherproof Connector Replacement Parts
2404,Weatherproof Connectors
2405,Weatherstrip Seal Fasteners
2406,Weatherstrip Seals - Individual
2407,Weatherstrip Seals - Vehicle Kits
2408,Weight Distribution Hitch Replacement Components
2409,Weight Distribution Hitches
2410,Weld-In Bungs & Fittings
2411,Weld-On Fill Cap Kits
2412,Wheel Adapters
2413,Wheel Alignment Kit Replacement Components
2414,Wheel Alignment Parts
2415,Wheel Bearing & Hub Assemblies
2416,Wheel Bearing & Seal Kits
2417,Wheel Bearing Protectors
2418,Wheel Bearing Races
2419,Wheel Bearing Seals
2420,Wheel Bearings
2421,Wheel Center Cap Fasteners
2422,Wheel Center Cap Security Locks
2423,Wheel Center Caps
2424,Wheel Chocks
2425,Wheel Covers
2426,Wheel Cylinder Rebuild Kits
2427,Wheel Cylinders
2428,Wheel Hub Fasteners
2429,Wheel Hubs
2430,Wheel Lock Replacement Keys
2431,Wheel Locks
2432,Wheel Opening & Fender Trim
2433,Wheel Plugs
2434,Wheel Screws
2435,Wheel Simulator Replacement Parts
2436,Wheel Simulators
2437,Wheel Spacers
2438,Wheel Stands
2439,Wheel Stud Spacers
2440,Wheel Studs
2441,Wheel Trim Rings
2442,Wheel Weights
2443,Wheels
2444,Wheels;Tires
2445,Winch Accessories
2446,Winch Accessory Kits
2447,Winch Cable & Rope Extensions
2448,Winch Cables & Ropes
2449,Winch Controllers
2450,Winch Covers
2451,Winch Fairlead Components
2452,Winch Fairlead Covers
2453,Winch Fairlead Isolators
2454,Winch Fairleads
2455,Winch Mount Face Plates
2456,Winch Mount Replacement Parts
2457,Winch Mounts
2458,Winch Remote Transmitters
2459,Winch Replacement Parts
2460,Winch Wiring Kits
2461,Winches
2462,Windage Tray Installation Kits & Components
2463,Windage Trays
2464,Window & Roll Cage Nets
2465,Window Channels
2466,Window Cover Bag
2467,Window Cranks
2468,Window Handle
2469,Window Moldings
2470,Window Regulator & Motor Assemblies
2471,Window Regulators
2472,Window Trim
2473,Window Trim Moldings
2474,Windows - Individual
2475,Windshield Braces
2476,Windshield Channels
2477,Windshield Decals
2478,Windshield Frames
2479,Windshield Hinge Knobs
2480,Windshield Hinge Pivot Bolts
2481,Windshield Hinge Screws
2482,Windshield Hinges & Brackets
2483,Windshield Pillar Post Sections
2484,Windshield Sunshields
2485,Windshield Supports
2486,Windshield Tie-Down Components
2487,Windshield Tie-Downs
2488,Windshield Washer Fluid Level Sensors
2489,Windshield Washer Fluid Reservoir Filters
2490,Windshield Washer Hoses
2491,Windshield Washer Pumps
2492,Windshield Washer Reservoir Caps
2493,Windshield Washer Reservoirs
2494,Windshield Washer Squirter Covers
2495,Windshield Wiper Arms
2496,Windshield Wiper Motor Covers
2497,Windshield Wiper Motor Replacement Components
2498,Windshield Wiper Motors
2499,Windshield Wiper Switches
2500,Windshield Wiper Transmission Linkage Components
2501,Windshield Wiper Transmission Linkages
2502,Windshield Wiper Vacuum Lines
2503,Wings & Rear Spoilers
2504,Wiper Blade Refills
2505,Wiper Blades
2506,Wire Crimping Tools
2507,Wire Harness Gutters & Covers
2508,Wire Stripper Tools
2509,Wiring Connectors & Pigtails
2510,Wiring Harnesses
2511,Work Stands
2512,Wrenches
2513,Wrenches - Torx Key
2514,Wrist Pin Bushings and Bearings
2515,Y Fittings
2516,Yokes
2517,Yokes;U-Joint Fasteners
2518,Zip Ties
